Reviewed?,Sign-off,String Key,Current Reference (English),Used Reference (English),String Value,Comments
FALSE,Lanolin,meta.languageCode,en,en,ru,
FALSE,Lanolin,meta.languageName,English,English,Русский,
FALSE,,count.additionalFiles,{FILES},{FILES},,
FALSE,,count.additionalFiles.withUnit.zero,,,,
FALSE,Jebb,count.additionalFiles.withUnit.one,{FILES} file,{FILES} file,{FILES} файл,
FALSE,,count.additionalFiles.withUnit.two,,,,
FALSE,,count.additionalFiles.withUnit.few,,,,
FALSE,,count.additionalFiles.withUnit.many,,,,
FALSE,Jebb,count.additionalFiles.withUnit.other,{FILES} files,{FILES} files,{FILES} файлов,
FALSE,,count.albums,{ALBUMS},{ALBUMS},,
FALSE,,count.albums.withUnit.zero,,,,
FALSE,Jebb,count.albums.withUnit.one,{ALBUMS} album,{ALBUMS} album,{ALBUMS} альбом,
FALSE,,count.albums.withUnit.two,,,,
FALSE,,count.albums.withUnit.few,,,,
FALSE,,count.albums.withUnit.many,,,,
FALSE,Jebb,count.albums.withUnit.other,{ALBUMS} albums,{ALBUMS} albums,{ALBUMS} альбомов,
FALSE,,count.artworks,{ARTWORKS},{ARTWORKS},{ARTWORKS},
FALSE,,count.artworks.withUnit.zero,,,,
FALSE,Jebb,count.artworks.withUnit.one,{ARTWORKS} artwork,{ARTWORKS} artwork,{ARTWORKS} иллюстрация,
FALSE,,count.artworks.withUnit.two,,,,
FALSE,,count.artworks.withUnit.few,,,,
FALSE,,count.artworks.withUnit.many,,,,
FALSE,Jebb,count.artworks.withUnit.other,{ARTWORKS} artworks,{ARTWORKS} artworks,{ARTWORKS} иллюстраций,
FALSE,,count.commentaryEntries,{ENTRIES},{ENTRIES},{ENTRIES},
FALSE,,count.commentaryEntries.withUnit.zero,,,,
FALSE,,count.commentaryEntries.withUnit.one,{ENTRIES} entry,{ENTRIES} entry,,
FALSE,,count.commentaryEntries.withUnit.two,,,,
FALSE,,count.commentaryEntries.withUnit.few,,,,
FALSE,,count.commentaryEntries.withUnit.many,,,,
FALSE,,count.commentaryEntries.withUnit.other,{ENTRIES} entries,{ENTRIES} entries,,
FALSE,,count.contributions,{CONTRIBUTIONS},{CONTRIBUTIONS},{CONTRIBUTIONS},
FALSE,,count.contributions.withUnit.zero,,,,
FALSE,Jebb,count.contributions.withUnit.one,{CONTRIBUTIONS} contribution,{CONTRIBUTIONS} contribution,{CONTRIBUTIONS} контрибуция,
FALSE,,count.contributions.withUnit.two,,,,
FALSE,,count.contributions.withUnit.few,,,,
FALSE,,count.contributions.withUnit.many,,,,
FALSE,Jebb,count.contributions.withUnit.other,{CONTRIBUTIONS} contributions,{CONTRIBUTIONS} contributions,{CONTRIBUTIONS} контрибуций,
FALSE,,count.coverArts,{COVER_ARTS},{COVER_ARTS},{COVER_ARTS},
FALSE,,count.coverArts.withUnit.zero,,,,
FALSE,,count.coverArts.withUnit.one,{COVER_ARTS} cover art,{COVER_ARTS} cover art,,
FALSE,,count.coverArts.withUnit.two,,,,
FALSE,,count.coverArts.withUnit.few,,,,
FALSE,,count.coverArts.withUnit.many,,,,
FALSE,,count.coverArts.withUnit.other,{COVER_ARTS} cover arts,{COVER_ARTS} cover arts,,
FALSE,,count.flashes,{FLASHES},{FLASHES},{FLASHES},
FALSE,,count.flashes.withUnit.zero,,,,
FALSE,Jebb,count.flashes.withUnit.one,{FLASHES} flashes & games,{FLASHES} flashes & games,{FLASHES} флэшей и игр,
FALSE,,count.flashes.withUnit.two,,,,
FALSE,,count.flashes.withUnit.few,,,,
FALSE,,count.flashes.withUnit.many,,,,
FALSE,Jebb,count.flashes.withUnit.other,{FLASHES} flashes & games,{FLASHES} flashes & games,{FLASHES} флэшей и игр,
FALSE,,count.tracks,{TRACKS},{TRACKS},{TRACKS},
FALSE,,count.tracks.withUnit.zero,,,,
FALSE,Jebb,count.tracks.withUnit.one,{TRACKS} track,{TRACKS} track,{TRACKS} трек,
FALSE,,count.tracks.withUnit.two,,,,
FALSE,,count.tracks.withUnit.few,,,,
FALSE,,count.tracks.withUnit.many,,,,
FALSE,Jebb,count.tracks.withUnit.other,{TRACKS} tracks,{TRACKS} tracks,{TRACKS} треков,
FALSE,,count.days,{DAYS},{DAYS},{DAYS},
FALSE,,count.days.withUnit.zero,,,,
FALSE,Jebb,count.days.withUnit.one,{DAYS} day,{DAYS} day,{DAYS} день,
FALSE,,count.days.withUnit.two,,,,
FALSE,,count.days.withUnit.few,,,,
FALSE,,count.days.withUnit.many,,,,
FALSE,Jebb,count.days.withUnit.other,{DAYS} days,{DAYS} days,{DAYS} дней,
FALSE,,count.months,{MONTHS},{MONTHS},{MONTHS},
FALSE,,count.months.withUnit.zero,,,,
FALSE,Jebb,count.months.withUnit.one,{MONTHS} month,{MONTHS} month,{MONTHS} месяц,
FALSE,,count.months.withUnit.two,,,,
FALSE,,count.months.withUnit.few,,,,
FALSE,,count.months.withUnit.many,,,,
FALSE,Jebb,count.months.withUnit.other,{MONTHS} months,{MONTHS} months,{MONTHS} месяцев,
FALSE,,count.timesReferenced,{TIMES_REFERENCED},{TIMES_REFERENCED},{TIMES_REFERENCED},
FALSE,,count.timesReferenced.withUnit.zero,,,,
FALSE,Jebb,count.timesReferenced.withUnit.one,{TIMES_REFERENCED} time referenced,{TIMES_REFERENCED} time referenced,{TIMES_REFERENCED} раз отсылается,
FALSE,,count.timesReferenced.withUnit.two,,,,
FALSE,,count.timesReferenced.withUnit.few,,,,
FALSE,,count.timesReferenced.withUnit.many,,,,
FALSE,Jebb,count.timesReferenced.withUnit.other,{TIMES_REFERENCED} times referenced,{TIMES_REFERENCED} times referenced,{TIMES_REFERENCED} раз отсылается,
FALSE,,count.timesUsed,{TIMES_USED},{TIMES_USED},{TIMES_USED},
FALSE,,count.timesUsed.withUnit.zero,,,,
FALSE,Jebb,count.timesUsed.withUnit.one,used {TIMES_USED} time,used {TIMES_USED} time,использовано {TIMES_USED} раз,
FALSE,,count.timesUsed.withUnit.two,,,,
FALSE,,count.timesUsed.withUnit.few,,,,
FALSE,,count.timesUsed.withUnit.many,,,,
FALSE,Jebb,count.timesUsed.withUnit.other,used {TIMES_USED} times,used {TIMES_USED} times,использовано {TIMES_USED} раз,
FALSE,,count.weeks,{WEEKS},{WEEKS},{WEEKS},
FALSE,,count.weeks.withUnit.zero,,,,
FALSE,Jebb,count.weeks.withUnit.one,{WEEKS} week,{WEEKS} week,{WEEKS} неделя,
FALSE,,count.weeks.withUnit.two,,,,
FALSE,,count.weeks.withUnit.few,,,,
FALSE,,count.weeks.withUnit.many,,,,
FALSE,Jebb,count.weeks.withUnit.other,{WEEKS} weeks,{WEEKS} weeks,{WEEKS} недель,
FALSE,,count.words,{WORDS},{WORDS},{WORDS},
FALSE,Jebb,count.words.thousand,{WORDS}k,{WORDS}k,{WORDS} тыс.,
FALSE,,count.words.withUnit.zero,,,,
FALSE,Jebb,count.words.withUnit.one,{WORDS} word,{WORDS} word,{WORDS} слово,
FALSE,,count.words.withUnit.two,,,,
FALSE,,count.words.withUnit.few,,,,
FALSE,,count.words.withUnit.many,,,,
FALSE,Jebb,count.words.withUnit.other,{WORDS} words,{WORDS} words,{WORDS} слов,
FALSE,,count.years,{YEARS},{YEARS},{YEARS},
FALSE,,count.years.withUnit.zero,,,,
FALSE,Jebb,count.years.withUnit.one,{YEARS} year,{YEARS} year,{YEARS} год,
FALSE,,count.years.withUnit.two,,,,
FALSE,,count.years.withUnit.few,,,,
FALSE,,count.years.withUnit.many,,,,
FALSE,Jebb,count.years.withUnit.other,{YEARS} years,{YEARS} years,{YEARS} лет,
FALSE,Jebb,count.duration.missing,_:__,_:__,_:__,
FALSE,Jebb,count.duration.approximate,~{DURATION},~{DURATION},~{DURATION},
FALSE,Jebb,count.duration.hours,{HOURS}:{MINUTES}:{SECONDS},{HOURS}:{MINUTES}:{SECONDS},{HOURS}:{MINUTES}:{SECONDS},
FALSE,Jebb,count.duration.hours.withUnit,{HOURS}:{MINUTES}:{SECONDS} hours,{HOURS}:{MINUTES}:{SECONDS} hours,{HOURS}:{MINUTES}:{SECONDS} часов,
FALSE,Jebb,count.duration.minutes,{MINUTES}:{SECONDS},{MINUTES}:{SECONDS},{MINUTES}:{SECONDS},
FALSE,Jebb,count.duration.minutes.withUnit,{MINUTES}:{SECONDS} minutes,{MINUTES}:{SECONDS} minutes,{MINUTES}:{SECONDS} минут,
FALSE,Jebb,count.dateDuration.earlier,{DURATION} earlier,{DURATION} earlier,{DURATION} ранее,
FALSE,Jebb,count.dateDuration.later,{DURATION} later,{DURATION} later,{DURATION} позднее,
FALSE,Jebb,count.dateDuration.same,on the same date,on the same date,в тот же день,
FALSE,Jebb,count.dateDuration.zero,at most one day,at most one day,максимум один день,
FALSE,Jebb,count.dateDuration.approximate,about {DURATION},about {DURATION},примерно {DURATION},
FALSE,Jebb,count.dateDuration.approximateEarlier,about {DURATION} earlier,about {DURATION} earlier,примерно {DURATION} ранее,
FALSE,Jebb,count.dateDuration.approximateLater,about {DURATION} later,about {DURATION} later,примерно {DURATION} позднее,
FALSE,,count.dateDuration.relativeAbsolute,{ABSOLUTE}; {RELATIVE},{ABSOLUTE}; {RELATIVE},{ABSOLUTE}; {RELATIVE},
FALSE,,count.dateDuration.years,{YEARS},{YEARS},{YEARS},
FALSE,,count.dateDuration.months,{MONTHS},{MONTHS},{MONTHS},
FALSE,,count.dateDuration.days,{DAYS},{DAYS},{DAYS},
FALSE,,count.dateDuration.yearsMonthsDays,"{YEARS}, {MONTHS}, {DAYS}","{YEARS}, {MONTHS}, {DAYS}","{YEARS}, {MONTHS}, {DAYS}",
FALSE,,count.dateDuration.yearsMonths,"{YEARS}, {MONTHS}","{YEARS}, {MONTHS}","{YEARS}, {MONTHS}",
FALSE,,count.dateDuration.yearsDays,"{YEARS}, {DAYS}","{YEARS}, {DAYS}","{YEARS}, {DAYS}",
FALSE,,count.dateDuration.monthsDays,"{MONTHS}, {DAYS}","{MONTHS}, {DAYS}","{MONTHS}, {DAYS}",
FALSE,Jebb,count.fileSize.terabytes,{TERABYTES} TB,{TERABYTES} TB,{TERABYTES} ТБ,
FALSE,Jebb,count.fileSize.gigabytes,{GIGABYTES} GB,{GIGABYTES} GB,{GIGABYTES} ГБ,
FALSE,Jebb,count.fileSize.megabytes,{MEGABYTES} MB,{MEGABYTES} MB,{MEGABYTES} МБ,
FALSE,Jebb,count.fileSize.kilobytes,{KILOBYTES} kB,{KILOBYTES} kB,{KILOBYTES} кБ,
FALSE,Jebb,count.fileSize.bytes,{BYTES} bytes,{BYTES} bytes,{BYTES} бит,
FALSE,,count.index.zero,,,,
FALSE,Jebb,count.index.one,{INDEX}st,{INDEX}st,{INDEX},
FALSE,Jebb,count.index.two,{INDEX}nd,{INDEX}nd,{INDEX},
FALSE,Jebb,count.index.few,{INDEX}rd,{INDEX}rd,{INDEX},
FALSE,,count.index.many,,,,
FALSE,Jebb,count.index.other,{INDEX}th,{INDEX}th,{INDEX},
FALSE,Jebb,releaseInfo.by,By {ARTISTS}.,By {ARTISTS}.,Создано {ARTISTS}.,
FALSE,,releaseInfo.by.featuring,"By {ARTISTS}, featuring {FEATURING}.","By {ARTISTS}, featuring {FEATURING}.",,
FALSE,Jebb,releaseInfo.from,From {ALBUM}.,From {ALBUM}.,Из {ALBUM}.,
FALSE,,releaseInfo.coverArtBy,Cover art by {ARTISTS}.,Cover art by {ARTISTS}.,,
FALSE,,releaseInfo.wallpaperArtBy,Wallpaper art by {ARTISTS}.,Wallpaper art by {ARTISTS}.,,
FALSE,,releaseInfo.bannerArtBy,Banner art by {ARTISTS}.,Banner art by {ARTISTS}.,,
FALSE,Jebb,releaseInfo.released,Released {DATE}.,Released {DATE}.,Опубликовано {DATE}.,
FALSE,,releaseInfo.artReleased,Art released {DATE}.,Art released {DATE}.,,
FALSE,Jebb,releaseInfo.addedToWiki,Added to wiki {DATE}.,Added to wiki {DATE}.,Добавлено в вики {DATE}.,
FALSE,Jebb,releaseInfo.duration,Duration: {DURATION}.,Duration: {DURATION}.,Длительность: {DURATION}.,
FALSE,Jebb,releaseInfo.contributors,Contributors:,Contributors:,Участники:,
FALSE,Jebb,releaseInfo.lyrics,Lyrics:,Lyrics:,Текст песни:,
FALSE,Jebb,releaseInfo.note,Context notes:,Context notes:,Контекстные примечания:,
FALSE,Jebb,releaseInfo.alsoReleasedAs,Also released as:,Also released as:,Также опубликовано как:,
FALSE,,releaseInfo.alsoReleasedAs.item,{TRACK} ({ALBUM}),{TRACK} ({ALBUM}),{TRACK} ({ALBUM}),
FALSE,,releaseInfo.alsoReleasedAs.item.withYear,({YEAR}) {TRACK} ({ALBUM}),({YEAR}) {TRACK} ({ALBUM}),({YEAR}) {TRACK} ({ALBUM}),
FALSE,,releaseInfo.tracksReferenced,Tracks that {TRACK} references:,Tracks that {TRACK} references:,Треки которые {TRACK} отсылает:,
FALSE,,releaseInfo.tracksReferenced.sticky,Tracks that this one references:,Tracks that this one references:,,
FALSE,,releaseInfo.tracksSampled,Tracks that {TRACK} samples:,Tracks that {TRACK} samples:,Треки которые {TRACK} сэмплирует:,
FALSE,,releaseInfo.tracksSampled.sticky,Tracks that this one samples:,Tracks that this one samples:,,
FALSE,,releaseInfo.tracksThatReference,Tracks that reference {TRACK}:,Tracks that reference {TRACK}:,Треки которые отсылают {TRACK}:,
FALSE,,releaseInfo.tracksThatReference.sticky,Tracks that reference this one:,Tracks that reference this one:,,
FALSE,,releaseInfo.tracksThatReference.sticky.fromGroup,Tracks from {GROUP} that reference this one:,Tracks from {GROUP} that reference this one:,,
FALSE,,releaseInfo.tracksThatReference.sticky.fromOther,Tracks from somewhere else that reference this one:,Tracks from somewhere else that reference this one:,,
FALSE,,releaseInfo.tracksThatSample,Tracks that sample {TRACK}:,Tracks that sample {TRACK}:,Треки которые сэмплируют {TRACK}:,
FALSE,,releaseInfo.tracksThatSample.sticky,Tracks that sample this one:,Tracks that sample this one:,,
FALSE,,releaseInfo.tracksThatSample.sticky.fromGroup,Tracks from {GROUP} that sample this one:,Tracks from {GROUP} that sample this one:,,
FALSE,,releaseInfo.tracksThatSample.sticky.fromOther,Tracks from somewhere else that sample this one:,Tracks from somewhere else that sample this one:,,
FALSE,,releaseInfo.flashesThatFeature,Flashes & games that feature {TRACK}:,Flashes & games that feature {TRACK}:,Флеши и игры в которых есть {TRACK}:,
FALSE,,releaseInfo.flashesThatFeature.sticky,Flashes & games that feature this track:,Flashes & games that feature this track:,,
FALSE,,releaseInfo.flashesThatFeature.item,{FLASH},{FLASH},{FLASH},
FALSE,,releaseInfo.flashesThatFeature.item.asDifferentRelease,{FLASH} (as {TRACK}),{FLASH} (as {TRACK}),,
FALSE,,releaseInfo.referencesArtworks,References {ARTWORKS}.,References {ARTWORKS}.,,
FALSE,,releaseInfo.referencedByArtworks,Referenced by {ARTWORKS}.,Referenced by {ARTWORKS}.,,
FALSE,,releaseInfo.tracksFeatured,Tracks that {FLASH} features:,Tracks that {FLASH} features:,Треки которые есть в {FLASH}:,
FALSE,,releaseInfo.viewCommentary,View {LINK}!,View {LINK}!,Смотреть {LINK}!,
FALSE,,releaseInfo.viewCommentary.link,commentary page,commentary page,страница комментариев,
FALSE,,releaseInfo.viewGallery,View {LINK}!,View {LINK}!,Смотреть {LINK}!,
FALSE,,releaseInfo.viewGallery.link,gallery page,gallery page,страница галереи,
FALSE,,releaseInfo.viewGalleryOrCommentary,View {GALLERY} or {COMMENTARY}!,View {GALLERY} or {COMMENTARY}!,Смотреть {GALLERY} или {COMMENTARY}!,
FALSE,,releaseInfo.viewGalleryOrCommentary.gallery,gallery page,gallery page,страница галереи,
FALSE,,releaseInfo.viewGalleryOrCommentary.commentary,commentary page,commentary page,страница комментариев,
FALSE,,releaseInfo.viewOriginalFile,View {LINK}.,View {LINK}.,Смотреть {LINK}.,
FALSE,,releaseInfo.viewOriginalFile.withSize,View {LINK} ({SIZE}).,View {LINK} ({SIZE}).,Смотреть {LINK} ({SIZE}).,
FALSE,,releaseInfo.viewOriginalFile.link,original file,original file,оригинальный файл,
FALSE,,releaseInfo.viewOriginalFile.sizeWarning,"(Heads up! If you're on a mobile plan, this is a large download.)","(Heads up! If you're on a mobile plan, this is a large download.)","(Внимание! Если вы пользуетесь мобильным тарифным планом, это большая загрузка.)",
FALSE,,releaseInfo.listenOn,Listen on {LINKS}.,Listen on {LINKS}.,Слушать на {LINKS}.,
FALSE,,releaseInfo.listenOn.noLinks,This wiki doesn't have any listening links for {NAME}.,This wiki doesn't have any listening links for {NAME}.,У этого вики нет ссылок для прослушивания {NAME}.,
FALSE,,releaseInfo.visitOn,Visit on {LINKS}.,Visit on {LINKS}.,Посетить на {LINKS}.,
FALSE,,releaseInfo.playOn,Play on {LINKS}.,Play on {LINKS}.,Играть на {LINKS}.,
FALSE,,releaseInfo.readCommentary,Read {LINK}.,Read {LINK}.,Читать на {LINK}.,
FALSE,,releaseInfo.readCommentary.link,artist commentary,artist commentary,комментарии автора,
FALSE,,releaseInfo.readCreditSources,Read {LINK}.,Read {LINK}.,,
FALSE,,releaseInfo.readCreditSources.link,crediting sources,crediting sources,,
FALSE,,releaseInfo.additionalFiles.heading,View or download additional files:,View or download {ADDITIONAL_FILES}:,Смотреть или скачать {ADDITIONAL_FILES}:,
FALSE,,releaseInfo.additionalFiles.entry,{TITLE},{TITLE},{TITLE},
FALSE,,releaseInfo.additionalFiles.entry.noFilesAvailable,There are no files available or listed for this entry.,There are no files available or listed for this entry.,Для данной записи нет доступных или указанных файлов.,
FALSE,,releaseInfo.additionalFiles.file,{FILE},{FILE},{FILE},
FALSE,,releaseInfo.additionalFiles.file.withSize,{FILE} ({SIZE}),{FILE} ({SIZE}),{FILE} ({SIZE}),
FALSE,,releaseInfo.additionalFiles.shortcut,View {LINK}.,View {ANCHOR_LINK}: {TITLES},Смотреть {ANCHOR_LINK}: {TITLES},
FALSE,,releaseInfo.additionalFiles.shortcut.link,additional files,additional files,дополнительные файлы,
FALSE,,releaseInfo.sheetMusicFiles.heading,Print or download sheet music files:,Print or download sheet music files:,Распечатать или скачать файлы нот:,
FALSE,,releaseInfo.sheetMusicFiles.shortcut,Download {LINK}.,Download {LINK}.,Скачать {LINK}.,
FALSE,,releaseInfo.sheetMusicFiles.shortcut.link,sheet music files,sheet music files,файлы нот,
FALSE,,releaseInfo.midiProjectFiles.heading,Download MIDI/project files:,Download MIDI/project files:,Скачать MIDI/файлы проекта:,
FALSE,,releaseInfo.midiProjectFiles.shortcut,Download {LINK}.,Download {LINK}.,Скачать {LINK}.,
FALSE,,releaseInfo.midiProjectFiles.shortcut.link,MIDI/project files,MIDI/project files,Файлы MIDI/проекта,
FALSE,,trackList.section,{SECTION}:,{SECTION}:,,
FALSE,,trackList.section.withDuration,{SECTION}: ({DURATION}),{SECTION}: ({DURATION}),,
FALSE,,trackList.section.sticky,{SECTION}:,{SECTION}:,,
FALSE,,trackList.fromGroup,From {GROUP}:,From {GROUP}:,Из {GROUP}:,
FALSE,,trackList.fromOther,From somewhere else:,From somewhere else:,Из другого места:,
FALSE,,trackList.item,{TRACK},{TRACK},,
FALSE,,trackList.item.withDuration,{DURATION} {TRACK},{DURATION} {TRACK},,
FALSE,,trackList.item.withDuration.duration,({DURATION}),({DURATION}),,
FALSE,,trackList.item.withDuration.duration.missing,_:__,_:__,,
FALSE,,trackList.item.withDuration.duration.missing.info,no duration provided; treated as zero seconds long,no duration provided; treated as zero seconds long,продолжительность не приведена; длительность рассматривается как ноль секунд,
FALSE,,trackList.item.withArtists,{TRACK} {BY},{TRACK} {BY},,
FALSE,,trackList.item.withArtists.by,by {ARTISTS},by {ARTISTS},от {ARTISTS},
FALSE,,trackList.item.withArtists.featuring,feat. {ARTISTS},feat. {ARTISTS},,
FALSE,,trackList.item.withArtists.by.featuring,by {ARTISTS} feat. {FEATURING},by {ARTISTS} feat. {FEATURING},,
FALSE,,trackList.item.withDuration.withArtists,{DURATION} {TRACK} {BY},{DURATION} {TRACK} {BY},,
FALSE,,trackList.item.rerelease,{TRACK} (rerelease),{TRACK} (rerelease),{TRACK} (переиздание),
FALSE,,misc.additionalNames.title,Additional or alternate names:,Additional or alternate names:,Дополнительные или альтернативные названия:,
FALSE,,misc.additionalNames.tooltip,Click to view additional or alternate names,Click to view additional or alternate names,Нажмите чтобы смотреть дополнительные или альтернативные названия,
FALSE,,misc.additionalNames.item,{NAME},{NAME},{NAME},
FALSE,,misc.additionalNames.item.withAccent,{NAME} {ACCENT},{NAME} {ACCENT},{NAME} {ACCENT},
FALSE,,misc.additionalNames.item.accent.withAnnotation,({ANNOTATION}),({ANNOTATION}),({ANNOTATION}),
FALSE,,misc.alt.albumCover,album cover,album cover,обложка альбома,
FALSE,,misc.alt.albumBanner,album banner,album banner,баннер альбома,
FALSE,,misc.alt.trackCover,track cover,track cover,обложка трека,
FALSE,,misc.alt.artistAvatar,artist avatar,artist avatar,аватар автора,
FALSE,,misc.alt.flashArt,flash art,flash art,флеш арт,
FALSE,,misc.artistCommentary,Artist commentary:,Artist commentary:,Комментарии автора:,
FALSE,,misc.artistCommentary.entry.title,{ARTISTS}:,{ARTISTS}:,{ARTISTS}:,
FALSE,,misc.artistCommentary.entry.title.noArtists,Unknown artist,Unknown artist,Неизвестный автор,
FALSE,,misc.artistCommentary.entry.title.withAccent,{ARTISTS}: {ACCENT},{ARTISTS}: {ACCENT},{ARTISTS}: {ACCENT},
FALSE,,misc.artistCommentary.entry.title.accent.withAnnotation,({ANNOTATION}),({ANNOTATION}),({ANNOTATION}),
FALSE,,misc.artistCommentary.entry.title.date,{DATE},{DATE},{DATE},
FALSE,,misc.artistCommentary.entry.title.date.range,{DATE_RANGE},{DATE_RANGE},{DATE_RANGE},
FALSE,,misc.artistCommentary.entry.title.date.accessed,accessed {DATE},accessed {DATE},,
FALSE,,misc.artistCommentary.entry.title.date.captured,captured {DATE},captured {DATE},,
FALSE,,misc.artistCommentary.entry.title.date.around,around {DATE},around {DATE},,
FALSE,,misc.artistCommentary.entry.title.date.around.range,around {DATE_RANGE},around {DATE_RANGE},,
FALSE,,misc.artistCommentary.entry.title.date.sometime.range,sometime {DATE_RANGE},sometime {DATE_RANGE},,
FALSE,,misc.artistCommentary.entry.title.date.throughout.range,throughout {DATE_RANGE},throughout {DATE_RANGE},,
FALSE,,misc.artistCommentary.entry.seeOriginalRelease,See {ORIGINAL}!,See {ORIGINAL}!,Смотреть {ORIGINAL}!,
FALSE,,misc.artistCredit.withNormalArtists,{NORMAL},{NORMAL},{NORMAL},
FALSE,,misc.artistCredit.withFeaturingArtists,feat. {FEATURING},feat. {FEATURING},,
FALSE,,misc.artistCredit.withNormalArtists.withFeaturingArtists,{NORMAL} feat. {FEATURING},{NORMAL} feat. {FEATURING},,
FALSE,,misc.artistLink,{ARTIST},{ARTIST},{ARTIST},
FALSE,,misc.artistLink.withContribution,{ARTIST} ({CONTRIB}),{ARTIST} ({CONTRIB}),{ARTIST} ({CONTRIB}),
FALSE,,misc.artistLink.withEditsForWiki,{ARTISTS} ({EDITS}),{ARTISTS} ({EDITS}),{ARTISTS} ({EDITS}),
FALSE,,misc.artistLink.withEditsForWiki.edits,+ edits,+ edits,,
FALSE,,misc.artistLink.withEditsForWiki.editsLine,Edits for wiki by {ARTISTS},Edits for wiki by {ARTISTS},,
FALSE,,misc.artistLink.noExternalLinkPlatformName,Other,Other,Другое,
FALSE,,misc.artistLink.chronology.previous.symbol,←,←,←,
FALSE,,misc.artistLink.chronology.previous.info,Previous by this artist,Previous by this artist,,
FALSE,,misc.artistLink.chronology.previous.info.withKind,Previous {KIND} by this artist,Previous {KIND} by this artist,,
FALSE,,misc.artistLink.chronology.next.symbol,→,→,→,
FALSE,,misc.artistLink.chronology.next.info,Next by this artist,Next by this artist,,
FALSE,,misc.artistLink.chronology.next.info.withKind,Next {KIND} by this artist,Next {KIND} by this artist,,
FALSE,,misc.artistLink.chronology.kind.album,album,album,,
FALSE,,misc.artistLink.chronology.kind.bannerArt,banner art,banner art,,
FALSE,,misc.artistLink.chronology.kind.coverArt,cover art,cover art,,
FALSE,,misc.artistLink.chronology.kind.flash,flash,flash,,
FALSE,,misc.artistLink.chronology.kind.track,track,track,,
FALSE,,misc.artistLink.chronology.kind.trackArt,track art,track art,,
FALSE,,misc.artistLink.chronology.kind.trackContribution,track contribution,track contribution,,
FALSE,,misc.artistLink.chronology.kind.wallpaperArt,wallpaper art,wallpaper art,,
FALSE,,misc.chronology.seeArtistPages,(See artist pages for chronology info!),(See artist pages for chronology info!),(Смотреть страницы авторов для инфо о хронологии!),
FALSE,,misc.chronology.withNavigation,{HEADING} ({NAVIGATION}),{HEADING} ({NAVIGATION}),{HEADING} ({NAVIGATION}),
FALSE,,misc.chronology.heading.coverArt,{INDEX} cover art by {ARTIST},{INDEX} cover art by {ARTIST},,
FALSE,,misc.chronology.heading.flash,{INDEX} flash/game by {ARTIST},{INDEX} flash/game by {ARTIST},,
FALSE,,misc.chronology.heading.track,{INDEX} track by {ARTIST},{INDEX} track by {ARTIST},,
FALSE,,misc.chronology.heading.trackArt,{INDEX} track art by {ARTIST},{INDEX} track art by {ARTIST},,
FALSE,,misc.chronology.heading.onlyIndex,Only,Only,,
FALSE,,misc.creditSources,Crediting sources:,Crediting sources:,,
FALSE,,misc.external.external,External,External,Внешнее,
FALSE,,misc.external.withDomain,{PLATFORM} ({DOMAIN}),{PLATFORM} ({DOMAIN}),{PLATFORM} ({DOMAIN}),
FALSE,,misc.external.withHandle,{PLATFORM} ({HANDLE}),{PLATFORM} ({HANDLE}),{PLATFORM} ({HANDLE}),
FALSE,,misc.external.opensInNewTab,{LINK} ({ANNOTATION}),{LINK} ({ANNOTATION}),{LINK} ({ANNOTATION}),
FALSE,,misc.external.opensInNewTab.annotation,opens in new tab,opens in new tab,открывается в новой вкладке,
FALSE,,misc.external.invalidURL,{LINK} ({ANNOTATION}),{LINK} ({ANNOTATION}),{LINK} ({ANNOTATION}),
FALSE,,misc.external.invalidURL.annotation,invalid URL,invalid URL,недействительный URL,
FALSE,,misc.external.amazonMusic,Amazon Music,Amazon Music,Amazon Music,
FALSE,,misc.external.appleMusic,Apple Music,Apple Music,Apple Music,
FALSE,,misc.external.artstation,ArtStation,ArtStation,ArtStation,
FALSE,,misc.external.bandcamp,Bandcamp,Bandcamp,Bandcamp,
FALSE,,misc.external.bgreco,bgreco.net,bgreco.net,bgreco.net,
FALSE,,misc.external.bgreco.flash,bgreco.net (high quality audio),bgreco.net (high quality audio),bgreco.net (высококачественное аудио),
FALSE,,misc.external.bluesky,Bluesky,Bluesky,Bluesky,
FALSE,,misc.external.carrd,Carrd,Carrd,Carrd,
FALSE,,misc.external.cohost,Cohost,Cohost,Cohost,
FALSE,,misc.external.deconreconstruction,Deconreconstruction,Deconreconstruction,Deconreconstruction,
FALSE,,misc.external.deconreconstruction.music,MUSIC@DCRC,MUSIC@DCRC,MUSIC@DCRC,
FALSE,,misc.external.deviantart,DeviantArt,DeviantArt,DeviantArt,
FALSE,,misc.external.facebook,Facebook,Facebook,Facebook,
FALSE,,misc.external.fandom,Fandom,Fandom,,
FALSE,,misc.external.fandom.mspaintadventures,MSPA Wiki,MSPA Wiki,,
FALSE,,misc.external.fandom.mspaintadventures.page,MSPA Wiki ({PAGE}),MSPA Wiki ({PAGE}),,
FALSE,,misc.external.gamebanana,GameBanana,GameBanana,GameBanana,
FALSE,,misc.external.homestuck,Homestuck,Homestuck,Homestuck,
FALSE,,misc.external.homestuck.page,Homestuck (page {PAGE}),Homestuck (page {PAGE}),Homestuck (страница {PAGE}),
FALSE,,misc.external.homestuck.secretPage,Homestuck (secret page),Homestuck (secret page),Homestuck (секретная страница),
FALSE,,misc.external.hsmusic,HSMusic,HSMusic,HSMusic,
FALSE,,misc.external.hsmusic.archive,HSMusic (wiki archive),HSMusic (wiki archive),HSMusic (архив вики),
FALSE,,misc.external.instagram,Instagram,Instagram,Instagram,
FALSE,,misc.external.internetArchive,Internet Archive,Internet Archive,Internet Archive,
FALSE,,misc.external.itch,itch.io,itch.io,itch.io,
FALSE,,misc.external.kofi,Ko-fi,Ko-fi,Ko-fi,
FALSE,,misc.external.linktree,Linktree,Linktree,Linktree,
FALSE,,misc.external.mastodon,Mastodon,Mastodon,Mastodon,
FALSE,,misc.external.mspfa,MSPFA,MSPFA,MSPFA,
FALSE,,misc.external.neocities,Neocities,Neocities,Neocities,
FALSE,,misc.external.newgrounds,Newgrounds,Newgrounds,Newgrounds,
FALSE,,misc.external.patreon,Patreon,Patreon,Patreon,
FALSE,,misc.external.poetryFoundation,Poetry Foundation,Poetry Foundation,Poetry Foundation,
FALSE,,misc.external.soundcloud,SoundCloud,SoundCloud,SoundCloud,
FALSE,,misc.external.spotify,Spotify,Spotify,Spotify,
FALSE,,misc.external.steam,Steam,Steam,Steam,
FALSE,,misc.external.tiktok,TikTok,TikTok,TikTok,
FALSE,,misc.external.toyhouse,Toyhouse,Toyhouse,Toyhouse,
FALSE,,misc.external.tumblr,Tumblr,Tumblr,Tumblr,
FALSE,,misc.external.twitch,Twitch,Twitch,Twitch,
FALSE,,misc.external.twitter,Twitter,Twitter,Twitter,
FALSE,,misc.external.waybackMachine,Wayback Machine,Wayback Machine,Wayback Machine,
FALSE,,misc.external.wikipedia,Wikipedia,Wikipedia,Wikipedia,
FALSE,,misc.external.youtube,YouTube,YouTube,YouTube,
FALSE,,misc.external.youtube.flash,YouTube (on any device),YouTube (on any device),YouTube (на любом устройстве),
FALSE,,misc.external.youtube.playlist,YouTube (playlist),YouTube (playlist),YouTube (плейлист),
FALSE,,misc.external.youtube.fullAlbum,YouTube (full album),YouTube (full album),YouTube (полный альбом),
FALSE,,misc.missingImage,(This image file is missing),(This image file is missing),(Этот файл изображения отсутствует),
FALSE,,misc.missingLinkContent,(Missing link content),(Missing link content),(Отсутствует содержимое ссылки),
FALSE,,misc.navAccent,({LINKS}),({LINKS}),({LINKS}),
FALSE,,misc.quickDescription.readMore,Read more on {LINKS}.,Read more on {LINKS}.,,
FALSE,,misc.quickDescription.moreInfo,({LINK}),({LINK}),({LINK}),
FALSE,,misc.quickDescription.moreInfo.link,More info...,More info...,,
FALSE,,misc.quickDescription.expandDescription,({EXPAND}),({EXPAND}),({EXPAND}),
FALSE,,misc.quickDescription.expandDescription.expand,Expand description...,Expand description...,,
FALSE,,misc.quickDescription.expandDescription.orReadMore,"({EXPAND}, or read more on {LINKS})","({EXPAND}, or read more on {LINKS})",,
FALSE,,misc.quickDescription.expandDescription.orReadMore.expand,Expand description,Expand description,,
FALSE,,misc.quickDescription.collapseDescription,({COLLAPSE}),({COLLAPSE}),({COLLAPSE}),
FALSE,,misc.quickDescription.collapseDescription.collapse,Collapse description,Collapse description,,
FALSE,,misc.quickDescription.collapseDescription.orReadMore,"({COLLAPSE}, or read more on {LINKS})","({COLLAPSE}, or read more on {LINKS})",,
FALSE,,misc.quickDescription.collapseDescription.orReadMore.collapse,Collapse description,Collapse description,,
FALSE,,misc.nav.previous,Previous,Previous,Предыдущее,
FALSE,,misc.nav.next,Next,Next,Следующее,
FALSE,,misc.nav.info,Info,Info,Инфо,
FALSE,,misc.nav.gallery,Gallery,Gallery,Галерея,
FALSE,,misc.pageTitle,{TITLE},{TITLE},{TITLE},
FALSE,,misc.pageTitle.withSubtitle,{TITLE} - {SUBTITLE},{TITLE} - {SUBTITLE},{TITLE} - {SUBTITLE},
FALSE,,misc.pageTitle.withWikiName,{TITLE} | {WIKI_NAME},{TITLE} | {WIKI_NAME},{TITLE} | {WIKI_NAME},
FALSE,,misc.pageTitle.withSubtitle.withWikiName,{TITLE} - {SUBTITLE} | {WIKI_NAME},{TITLE} - {SUBTITLE} | {WIKI_NAME},{TITLE} - {SUBTITLE} | {WIKI_NAME},
FALSE,,misc.search.placeholder,Search for anything,Search for anything,,
FALSE,,misc.search.preparing,Preparing...,Preparing...,,
FALSE,,misc.search.loadingData,Loading data...,Loading data...,,
FALSE,,misc.search.searching,Searching...,Searching...,,
FALSE,,misc.search.failed,"There was an internal error, and your search couldn't be processed. Reloading this page and trying again may help. Sorry for the trouble!","There was an internal error, and your search couldn't be processed. Reloading this page and trying again may help. Sorry for the trouble!",,
FALSE,,misc.search.noResults,"No results for this query, sorry! Check spelling and use complete words.","No results for this query, sorry! Check spelling and use complete words.",,
FALSE,,misc.search.currentResult,(you are here),(you are here),,
FALSE,,misc.search.endSearch,"(OK, I'm done searching now.)","(OK, I'm done searching now.)",,
FALSE,,misc.search.resultKind.album,(album),(album),,
FALSE,,misc.search.resultKind.artTag,(art tag),(art tag),,
FALSE,,misc.search.resultKind.artist,(artist),(artist),,
FALSE,,misc.search.resultKind.group,(group),(group),,
FALSE,,misc.skippers.skipTo,Skip to:,Skip to:,Перейти к:,
FALSE,,misc.skippers.content,Content,Content,Содержание,
FALSE,,misc.skippers.header,Header,Header,Верхний колонтитул,
FALSE,,misc.skippers.footer,Footer,Footer,Нижний колонтитул,
FALSE,,misc.skippers.sidebar,Sidebar,Sidebar,Боковая панель,
FALSE,,misc.skippers.sidebar.left,Sidebar (left),Sidebar (left),Боковая панель (лево),
FALSE,,misc.skippers.sidebar.right,Sidebar (right),Sidebar (right),Боковая панель (право),
FALSE,,misc.skippers.artistCommentary,Artist commentary,Commentary,Комментарии,
FALSE,,misc.skippers.creditSources,Crediting sources,Crediting sources,,
FALSE,,misc.skippers.tracks,Tracks,Tracks,Треки,
FALSE,,misc.skippers.artworks,Artworks,Artworks,Иллюстрации,
FALSE,,misc.skippers.flashes,Flashes & Games,Flashes & Games,Флеши и Игры,
FALSE,,misc.skippers.commentary,Commentary,Commentary,Комментарии,
FALSE,,misc.skippers.contributors,Contributors,Contributors,Участники,
FALSE,,misc.skippers.references,References...,References...,Отсылает...,
FALSE,,misc.skippers.referencedBy,Referenced by...,Referenced by...,,
FALSE,,misc.skippers.samples,Samples...,Samples...,Семплирует...,
FALSE,,misc.skippers.sampledBy,Sampled by...,Sampled by...,,
FALSE,,misc.skippers.features,Features...,Features...,,
FALSE,,misc.skippers.featuredIn,Featured in...,Featured in...,,
FALSE,,misc.skippers.lyrics,Lyrics,Lyrics,Текст песни:,
FALSE,,misc.skippers.sheetMusicFiles,Sheet music files,Sheet music files,Файлы нот,
FALSE,,misc.skippers.midiProjectFiles,MIDI/project files,MIDI/project files,Файлы MIDI/проекта,
FALSE,,misc.skippers.additionalFiles,Additional files,Additional files,Дополнительные файлы,
FALSE,,misc.socialEmbed.heading,{WIKI_NAME} | {HEADING},{WIKI_NAME} | {HEADING},,
FALSE,,misc.trackArtFromAlbum,Album cover for {ALBUM},Album cover for {ALBUM},,
FALSE,,misc.jumpTo,Jump to:,Jump to:,Перейти к:,
FALSE,,misc.jumpTo.withLinks,Jump to: {LINKS}.,Jump to: {LINKS}.,Перейти к: {LINKS}.,
FALSE,,misc.contentWarnings.warnings,{WARNINGS},{WARNINGS},{WARNINGS},
FALSE,,misc.contentWarnings.reveal,click to show,click to show,"нажмите, чтобы показать",
FALSE,,misc.coverGrid.noCoverArt,{ALBUM},{ALBUM},{ALBUM},
FALSE,,misc.coverGrid.details.accent,({DETAILS}),({DETAILS}),({DETAILS}),
FALSE,,misc.coverGrid.details.albumLength,"{TRACKS}, {TIME}","{TRACKS}, {TIME}","{TRACKS}, {TIME}",
FALSE,,misc.coverGrid.details.coverArtists,Artwork by {ARTISTS},(Illust. {ARTISTS}),(Иллюст. {ARTISTS}),
FALSE,,misc.coverGrid.details.otherCoverArtists,With {ARTISTS},With {ARTISTS},,
FALSE,,misc.albumGalleryGrid.noCoverArt,{NAME},{NAME},{NAME},
FALSE,,misc.uiLanguage,UI Language: {LANGUAGES},UI Language: {LANGUAGES},Язык пользовательского интерфейса: {LANGUAGES},
FALSE,,homepage.title,{TITLE},{TITLE},{TITLE},
FALSE,,homepage.news.title,News,News,Новости,
FALSE,,homepage.news.entry.viewRest,(View rest of entry!),(View rest of entry!),(Просмотреть остальную часть записи!),
FALSE,,albumSidebar.trackList.item,{TRACK},{TRACK},{TRACK},
FALSE,,albumSidebar.trackList.fallbackSectionName,Track list,Track list,Список треков,
FALSE,,albumSidebar.trackList.group,{GROUP},{GROUP},{GROUP},
FALSE,,albumSidebar.trackList.group.withRange,{GROUP} ({RANGE}),{GROUP} ({RANGE}),{GROUP} ({RANGE}),
FALSE,,albumSidebar.groupBox.title,{GROUP},{GROUP},{GROUP},
FALSE,,albumSidebar.groupBox.next,Next: {ALBUM},Next: {ALBUM},Следующее: {ALBUM},
FALSE,,albumSidebar.groupBox.previous,Previous: {ALBUM},Previous: {ALBUM},Предыдущее: {ALBUM},
FALSE,,albumSecondaryNav.group,{GROUP},{GROUP},{GROUP},
FALSE,,albumSecondaryNav.group.withPreviousNext,{GROUP} ({PREVIOUS_NEXT}),{GROUP} ({PREVIOUS_NEXT}),{GROUP} ({PREVIOUS_NEXT}),
FALSE,,albumSecondaryNav.series,{SERIES},{SERIES},{SERIES},
FALSE,,albumSecondaryNav.series.withPreviousNext,{SERIES} ({PREVIOUS_NEXT}),{SERIES} ({PREVIOUS_NEXT}),{SERIES} ({PREVIOUS_NEXT}),
FALSE,,albumPage.title,{ALBUM},{ALBUM},{ALBUM},
FALSE,,albumPage.nav.album,{ALBUM},{ALBUM},{ALBUM},
FALSE,,albumPage.nav.backToAlbum,Return to album page,Return to album page,,
FALSE,,albumPage.nav.randomTrack,Random Track,Random Track,Случайный Трек,
FALSE,,albumPage.nav.gallery,Gallery,Gallery,Галерея,
FALSE,,albumPage.nav.commentary,Commentary,Commentary,Комментарии,
FALSE,,albumPage.socialEmbed.heading,{GROUP},{GROUP},{GROUP},
FALSE,,albumPage.socialEmbed.title,{ALBUM},{ALBUM},{ALBUM},
FALSE,,albumPage.socialEmbed.body.withDuration,{DURATION}.,{DURATION}.,{DURATION}.,
FALSE,,albumPage.socialEmbed.body.withTracks,{TRACKS}.,{TRACKS}.,{TRACKS}.,
FALSE,,albumPage.socialEmbed.body.withReleaseDate,Released {DATE}.,Released {DATE}.,Выпущено {DATE}.,
FALSE,,albumPage.socialEmbed.body.withDuration.withTracks,"{DURATION}, {TRACKS}.","{DURATION}, {TRACKS}.",,
FALSE,,albumPage.socialEmbed.body.withDuration.withReleaseDate,{DURATION}. Released {DATE}.,{DURATION}. Released {DATE}.,{DURATION}. Выпущено {DATE}.,
FALSE,,albumPage.socialEmbed.body.withTracks.withReleaseDate,{TRACKS}. Released {DATE}.,{TRACKS}. Released {DATE}.,{TRACKS}. Выпущено {DATE}.,
FALSE,,albumPage.socialEmbed.body.withDuration.withTracks.withReleaseDate,"{DURATION}, {TRACKS}. Released {DATE}.","{DURATION}, {TRACKS}. Released {DATE}.","{DURATION}, {TRACKS}. Выпущено {DATE}.",
FALSE,,albumGalleryPage.title,{ALBUM} - Gallery,{ALBUM} - Gallery,{ALBUM} - Галерея,
FALSE,,albumGalleryPage.statsLine,{TRACKS} totaling {DURATION}.,{TRACKS} totaling {DURATION}.,{TRACKS} общей длительностью {DURATION}.,
FALSE,,albumGalleryPage.statsLine.withDate,{TRACKS} totaling {DURATION}. Released {DATE}.,{TRACKS} totaling {DURATION}. Released {DATE}.,{TRACKS} общей длительностью {DURATION}. Выпущено {DATE}.,
FALSE,,albumGalleryPage.coverArtistsLine,All track artwork by {ARTISTS}.,All track artwork by {ARTISTS}.,,
FALSE,,albumGalleryPage.noTrackArtworksLine,This album doesn't have any track artwork.,This album doesn't have any track artwork.,У этого альбома нет никаких обложек треков.,
FALSE,,albumCommentaryPage.title,{ALBUM} - Commentary,{ALBUM} - Commentary,{ALBUM} - Комментарии,
FALSE,,albumCommentaryPage.nav.album,Album: {ALBUM},Album: {ALBUM},Альбом: {ALBUM},
FALSE,,albumCommentaryPage.infoLine,{WORDS} across {ENTRIES}.,{WORDS} across {ENTRIES}.,,
FALSE,,albumCommentaryPage.entry.title.albumCommentary,{ALBUM},{ALBUM},{ALBUM},
FALSE,,albumCommentaryPage.entry.title.albumCommentary.sticky,{ALBUM} (album commentary),{ALBUM} (album commentary),,
FALSE,,albumCommentaryPage.entry.title.albumCommentary.accent,Listen on: {LISTENING_LINKS},Listen on: {LISTENING_LINKS},Слушать на: {LISTENING_LINKS},
FALSE,,albumCommentaryPage.entry.title.trackCommentary,{TRACK},{TRACK},{TRACK},
FALSE,,albumCommentaryPage.entry.title.trackCommentary.accent,Listen on: {LISTENING_LINKS},Listen on: {LISTENING_LINKS},Слушать на: {LISTENING_LINKS},
FALSE,,artistPage.title,{ARTIST},{ARTIST},{ARTIST},
FALSE,,artistPage.nav.artist,Artist: {ARTIST},Artist: {ARTIST},Автор: {ARTIST},
FALSE,,artistPage.closelyLinkedGroups.one,This artist has a group page: {GROUP}.,This artist has a group page: {GROUP}.,,
FALSE,,artistPage.closelyLinkedGroups.multiple,This artist has group pages: {GROUPS}.,This artist has group pages: {GROUPS}.,,
FALSE,,artistPage.closelyLinkedGroups.group,{GROUP},{GROUP},{GROUP},
FALSE,,artistPage.closelyLinkedGroups.group.withAnnotation,{GROUP} ({ANNOTATION}),{GROUP} ({ANNOTATION}),{GROUP} ({ANNOTATION}),
FALSE,,artistPage.closelyLinkedGroups.alias,This artist is an alias of {GROUPS}.,This artist is an alias of {GROUPS}.,,
FALSE,,artistPage.creditList.album,{ALBUM},{ALBUM},{ALBUM},
FALSE,,artistPage.creditList.album.withDate,{ALBUM} ({DATE}),{ALBUM} ({DATE}),{ALBUM} ({DATE}),
FALSE,,artistPage.creditList.album.withDuration,{ALBUM} ({DURATION}),{ALBUM} ({DURATION}),{ALBUM} ({DURATION}),
FALSE,,artistPage.creditList.album.withDate.withDuration,{ALBUM} ({DATE}; {DURATION}),{ALBUM} ({DATE}; {DURATION}),{ALBUM} ({DATE}; {DURATION}),
FALSE,,artistPage.creditList.flashAct,{ACT},{ACT},{ACT},
FALSE,,artistPage.creditList.flashAct.withDate,{ACT} ({DATE}),{ACT} ({DATE}),{ACT} ({DATE}),
FALSE,,artistPage.creditList.flashAct.withDateRange,{ACT} ({DATE_RANGE}),{ACT} ({DATE_RANGE}),{ACT} ({DATE_RANGE}),
FALSE,,artistPage.creditList.entry.withAnnotation,{ENTRY} ({ANNOTATION}),{ENTRY} ({ANNOTATION}),{ENTRY} ({ANNOTATION}),
FALSE,,artistPage.creditList.entry.withArtists,{ENTRY} (with {ARTISTS}),{ENTRY} (with {ARTISTS}),{ENTRY} (с {ARTISTS}),
FALSE,,artistPage.creditList.entry.withArtists.withAnnotation,{ENTRY} ({ANNOTATION}; with {ARTISTS}),{ENTRY} ({ANNOTATION}; with {ARTISTS}),{ENTRY} ({ANNOTATION}; с {ARTISTS}),
FALSE,,artistPage.creditList.entry.rerelease,{ENTRY} (rerelease),{ENTRY} (rerelease),{ENTRY} (переиздание),
FALSE,,artistPage.creditList.entry.track,{TRACK},{TRACK},{TRACK},
FALSE,,artistPage.creditList.entry.track.withDuration,({DURATION}) {TRACK},({DURATION}) {TRACK},({DURATION}) {TRACK},
FALSE,,artistPage.creditList.entry.album.coverArt,(cover art),(cover art),,
FALSE,,artistPage.creditList.entry.album.wallpaperArt,(wallpaper art),(wallpaper art),,
FALSE,,artistPage.creditList.entry.album.bannerArt,(banner art),(banner art),,
FALSE,,artistPage.creditList.entry.album.commentary,(album commentary),(album commentary),,
FALSE,,artistPage.creditList.entry.flash,{FLASH},{FLASH},{FLASH},
FALSE,,artistPage.contributedDurationLine,{ARTIST} has contributed {DURATION} of music shared on this wiki.,{ARTIST} has contributed {DURATION} of music shared on this wiki.,,
FALSE,,artistPage.groupContributions.title.music,Contributed music to groups:,Contributed music to groups:,,
FALSE,,artistPage.groupContributions.title.artworks,Contributed artworks to groups:,Contributed artworks to groups:,,
FALSE,,artistPage.groupContributions.title.withSortButton,{TITLE} ({SORT}),{TITLE} ({SORT}),{TITLE} ({SORT}),
FALSE,,artistPage.groupContributions.title.sorting.count,Sorting by count.,Sorting by count.,,
FALSE,,artistPage.groupContributions.title.sorting.duration,Sorting by duration.,Sorting by duration.,,
FALSE,,artistPage.groupContributions.item.countAccent,({COUNT}),({COUNT}),({COUNT}),
FALSE,,artistPage.groupContributions.item.durationAccent,({DURATION}),({DURATION}),({DURATION}),
FALSE,,artistPage.groupContributions.item.countDurationAccent,({COUNT} — {DURATION}),({COUNT} — {DURATION}),({COUNT} — {DURATION}),
FALSE,,artistPage.groupContributions.item.durationCountAccent,({DURATION} — {COUNT}),({DURATION} — {COUNT}),({DURATION} — {COUNT}),
FALSE,,artistPage.trackList.title,Tracks,Tracks,,
FALSE,,artistPage.artList.title,Artworks,Artworks,,
FALSE,,artistPage.flashList.title,Flashes & Games,Flashes & Games,,
FALSE,,artistPage.commentaryList.title,Commentary,Commentary,,
FALSE,,artistPage.viewArtGallery,View {LINK}!,View {LINK}!,,
FALSE,,artistPage.viewArtGallery.orBrowseList,View {LINK}! Or browse the list:,View {LINK}! Or browse the list:,,
FALSE,,artistPage.viewArtGallery.link,art gallery,art gallery,,
FALSE,,artistPage.wikiEditArtworks,{ARTIST} has edited these artworks for this wiki:,{ARTIST} has edited these artworks for this wiki:,,
FALSE,,artistGalleryPage.title,{ARTIST} - Gallery,{ARTIST} - Gallery,,
FALSE,,artistGalleryPage.infoLine,Contributed to {COVER_ARTS}.,Contributed to {COVER_ARTS}.,,
FALSE,,commentaryIndex.title,Commentary,Commentary,,
FALSE,,commentaryIndex.infoLine,"{WORDS} across {ENTRIES}, in all.","{WORDS} across {ENTRIES}, in all.",,
FALSE,,commentaryIndex.albumList.title,Choose an album:,Choose an album:,,
FALSE,,commentaryIndex.albumList.item,{ALBUM} ({WORDS} across {ENTRIES}),{ALBUM} ({WORDS} across {ENTRIES}),,
FALSE,,flashIndex.title,Flashes & Games,Flashes & Games,,
FALSE,,flashSidebar.flashList.entriesInThisSection,Entries in this section,Entries in this section,,
FALSE,,flashPage.title,{FLASH},{FLASH},{FLASH},
FALSE,,flashPage.nav.flash,{FLASH},{FLASH},{FLASH},
FALSE,,groupSidebar.title,Groups,Groups,,
FALSE,,groupSidebar.groupList.category,{CATEGORY},{CATEGORY},{CATEGORY},
FALSE,,groupSidebar.groupList.item,{GROUP},{GROUP},{GROUP},
FALSE,,groupPage.nav.group,Group: {GROUP},Group: {GROUP},,
FALSE,,groupPage.secondaryNav.category,{CATEGORY},{CATEGORY},,
FALSE,,groupPage.secondaryNav.category.withPreviousNext,{CATEGORY} ({PREVIOUS_NEXT}),{CATEGORY} ({PREVIOUS_NEXT}),,
FALSE,,groupInfoPage.title,{GROUP},{GROUP},{GROUP},
FALSE,,groupInfoPage.closelyLinkedArtists.one,View artist page: {ARTIST}.,View artist page: {ARTIST}.,,
FALSE,,groupInfoPage.closelyLinkedArtists.multiple,View artist pages: {ARTISTS}.,View artist pages: {ARTISTS}.,,
FALSE,,groupInfoPage.closelyLinkedArtists.aliases,View alias pages: {ALIASES}.,View alias pages: {ALIASES}.,,
FALSE,,groupInfoPage.closelyLinkedArtists.artist,{ARTIST},{ARTIST},{ARTIST},
FALSE,,groupInfoPage.closelyLinkedArtists.artist.withAnnotation,{ARTIST} ({ANNOTATION}),{ARTIST} ({ANNOTATION}),{ARTIST} ({ANNOTATION}),
FALSE,,groupInfoPage.viewAlbumGallery,View {LINK}! Or browse the list:,View {LINK}! Or browse the list:,,
FALSE,,groupInfoPage.viewAlbumGallery.link,album gallery,album gallery,,
FALSE,,groupInfoPage.viewAlbumGallery.withViewSwitcher,View {LINK}! Or browse the list: {VIEW_SWITCHER},View {LINK}! Or browse the list: {VIEW_SWITCHER},,
FALSE,,groupInfoPage.viewSwitcher,({OPTIONS}),({OPTIONS}),({OPTIONS}),
FALSE,,groupInfoPage.viewSwitcher.bySeries,By series,By series,,
FALSE,,groupInfoPage.viewSwitcher.byDate,By date,By date,,
FALSE,,groupInfoPage.albumList.title,Albums,Albums,,
FALSE,,groupInfoPage.albumList.series,{SERIES}:,{SERIES}:,{SERIES}:,
FALSE,,groupInfoPage.albumList.item,{ALBUM},{ALBUM},{ALBUM},
FALSE,,groupInfoPage.albumList.item.withYear,{YEAR_ACCENT} {ALBUM},{YEAR_ACCENT} {ALBUM},{YEAR_ACCENT} {ALBUM},
FALSE,,groupInfoPage.albumList.item.withYear.accent,({YEAR}),({YEAR}),({YEAR}),
FALSE,,groupInfoPage.albumList.item.withOtherGroup,{ALBUM} {OTHER_GROUP_ACCENT},{ALBUM} {OTHER_GROUP_ACCENT},{ALBUM} {OTHER_GROUP_ACCENT},
FALSE,,groupInfoPage.albumList.item.withOtherGroup.accent,(from {GROUPS}),(from {GROUPS}),,
FALSE,,groupInfoPage.albumList.item.withOtherGroup.notFromThisGroup,(not from {GROUP}),(not from {GROUP}),,
FALSE,,groupInfoPage.albumList.item.withArtists,{ALBUM} {BY},{ALBUM} {BY},{ALBUM} {BY},
FALSE,,groupInfoPage.albumList.item.withArtists.by,by {ARTISTS},by {ARTISTS},,
FALSE,,groupInfoPage.albumList.item.withArtists.featuring,feat. {ARTISTS},feat. {ARTISTS},,
FALSE,,groupInfoPage.albumList.item.withArtists.by.featuring,by {ARTISTS} feat. {FEATURING},by {ARTISTS} feat. {FEATURING},,
FALSE,,groupInfoPage.albumList.item.withYear.withOtherGroup,{YEAR_ACCENT} {ALBUM} {OTHER_GROUP_ACCENT},{YEAR_ACCENT} {ALBUM} {OTHER_GROUP_ACCENT},{YEAR_ACCENT} {ALBUM} {OTHER_GROUP_ACCENT},
FALSE,,groupInfoPage.albumList.item.withYear.withArtists,{YEAR_ACCENT} {ALBUM} {BY},{YEAR_ACCENT} {ALBUM} {BY},{YEAR_ACCENT} {ALBUM} {BY},
FALSE,,groupGalleryPage.title,{GROUP} - Gallery,{GROUP} - Gallery,,
FALSE,,groupGalleryPage.infoLine,"{TRACKS} across {ALBUMS}, totaling {TIME}.","{TRACKS} across {ALBUMS}, totaling {TIME}.",,
FALSE,,listingIndex.title,Listings,Listings,,
FALSE,,listingIndex.infoLine,"{WIKI}: {TRACKS} across {ALBUMS}, totaling {DURATION}.","{WIKI}: {TRACKS} across {ALBUMS}, totaling {DURATION}.",,
FALSE,,listingIndex.exploreList,Feel free to explore any of the listings linked below and in the sidebar!,Feel free to explore any of the listings linked below and in the sidebar!,,
FALSE,,listingPage.target.album,Albums,Albums,,
FALSE,,listingPage.target.artist,Artists,Artists,,
FALSE,,listingPage.target.group,Groups,Groups,,
FALSE,,listingPage.target.track,Tracks,Tracks,,
FALSE,,listingPage.target.tag,Tags,Tags,,
FALSE,,listingPage.target.other,Other,Other,,
FALSE,,listingPage.misc.trackContributors,Track Contributors,Track Contributors,,
FALSE,,listingPage.misc.artContributors,Art Contributors,Art Contributors,,
FALSE,,listingPage.misc.flashContributors,Flash & Game Contributors,Flash & Game Contributors,,
FALSE,,listingPage.misc.artAndFlashContributors,Art & Flash Contributors,Art & Flash Contributors,,
FALSE,,listingPage.listingsFor,Listings for {TARGET}: {LISTINGS},Listings for {TARGET}: {LISTINGS},,
FALSE,,listingPage.seeAlso,Also check out: {LISTINGS},Also check out: {LISTINGS},,
FALSE,,listingPage.skipToSection,Skip to a section:,Skip to a section:,,
FALSE,,listingPage.listAlbums.byName.title,Albums - by Name,Albums - by Name,,
FALSE,,listingPage.listAlbums.byName.title.short,...by Name,...by Name,,
FALSE,,listingPage.listAlbums.byName.item,{ALBUM} ({TRACKS}),{ALBUM} ({TRACKS}),{ALBUM} ({TRACKS}),
FALSE,,listingPage.listAlbums.byTracks.title,Albums - by Tracks,Albums - by Tracks,,
FALSE,,listingPage.listAlbums.byTracks.title.short,...by Tracks,...by Tracks,,
FALSE,,listingPage.listAlbums.byTracks.item,{ALBUM} ({TRACKS}),{ALBUM} ({TRACKS}),{ALBUM} ({TRACKS}),
FALSE,,listingPage.listAlbums.byDuration.title,Albums - by Duration,Albums - by Duration,,
FALSE,,listingPage.listAlbums.byDuration.title.short,...by Duration,...by Duration,,
FALSE,,listingPage.listAlbums.byDuration.item,{ALBUM} ({DURATION}),{ALBUM} ({DURATION}),{ALBUM} ({DURATION}),
FALSE,,listingPage.listAlbums.byDate.title,Albums - by Date,Albums - by Date,,
FALSE,,listingPage.listAlbums.byDate.title.short,...by Date,...by Date,,
FALSE,,listingPage.listAlbums.byDate.item,{ALBUM} ({DATE}),{ALBUM} ({DATE}),{ALBUM} ({DATE}),
FALSE,,listingPage.listAlbums.byDateAdded.title,Albums - by Date Added to Wiki,Albums - by Date Added to Wiki,,
FALSE,,listingPage.listAlbums.byDateAdded.title.short,...by Date Added to Wiki,...by Date Added to Wiki,,
FALSE,,listingPage.listAlbums.byDateAdded.chunk.title,{DATE},{DATE},{DATE},
FALSE,,listingPage.listAlbums.byDateAdded.chunk.item,{ALBUM},{ALBUM},{ALBUM},
FALSE,,listingPage.listArtists.byName.title,Artists - by Name,Artists - by Name,,
FALSE,,listingPage.listArtists.byName.title.short,...by Name,...by Name,,
FALSE,,listingPage.listArtists.byName.item,{ARTIST} ({CONTRIBUTIONS}),{ARTIST} ({CONTRIBUTIONS}),,
FALSE,,listingPage.listArtists.byContribs.title,Artists - by Contributions,Artists - by Contributions,,
FALSE,,listingPage.listArtists.byContribs.title.short,...by Contributions,...by Contributions,,
FALSE,,listingPage.listArtists.byContribs.chunk.item,{ARTIST} ({CONTRIBUTIONS}),{ARTIST} ({CONTRIBUTIONS}),,
FALSE,,listingPage.listArtists.byContribs.chunk.title.trackContributors,Contributed tracks:,Contributed tracks:,,
FALSE,,listingPage.listArtists.byContribs.chunk.title.artContributors,Contributed artworks:,Contributed artworks:,,
FALSE,,listingPage.listArtists.byContribs.chunk.title.flashContributors,Contributed to flashes & games:,Contributed to flashes & games:,,
FALSE,,listingPage.listArtists.byCommentary.title,Artists - by Commentary Entries,Artists - by Commentary Entries,,
FALSE,,listingPage.listArtists.byCommentary.title.short,...by Commentary Entries,...by Commentary Entries,,
FALSE,,listingPage.listArtists.byCommentary.item,{ARTIST} ({ENTRIES}),{ARTIST} ({ENTRIES}),,
FALSE,,listingPage.listArtists.byDuration.title,Artists - by Duration,Artists - by Duration,,
FALSE,,listingPage.listArtists.byDuration.title.short,...by Duration,...by Duration,,
FALSE,,listingPage.listArtists.byDuration.item,{ARTIST} ({DURATION}),{ARTIST} ({DURATION}),,
FALSE,,listingPage.listArtists.byGroup.title,Artists - by Group,Artists - by Group,,
FALSE,,listingPage.listArtists.byGroup.title.short,...by Group,...by Group,,
FALSE,,listingPage.listArtists.byGroup.item,{ARTIST} ({CONTRIBUTIONS}),{ARTIST} ({CONTRIBUTIONS}),,
FALSE,,listingPage.listArtists.byGroup.chunk.title,Contributed to {GROUP}:,Contributed to {GROUP}:,,
FALSE,,listingPage.listArtists.byGroup.chunk.item,{ARTIST} ({CONTRIBUTIONS}),{ARTIST} ({CONTRIBUTIONS}),,
FALSE,,listingPage.listArtists.byLatest.title,Artists - by Latest Contribution,Artists - by Latest Contribution,,
FALSE,,listingPage.listArtists.byLatest.title.short,...by Latest Contribution,...by Latest Contribution,,
FALSE,,listingPage.listArtists.byLatest.chunk.title.album,{ALBUM} ({DATE}),{ALBUM} ({DATE}),,
FALSE,,listingPage.listArtists.byLatest.chunk.title.flash,{FLASH} ({DATE}),{FLASH} ({DATE}),,
FALSE,,listingPage.listArtists.byLatest.chunk.title.dateless,These artists' contributions aren't dated:,These artists' contributions aren't dated:,,
FALSE,,listingPage.listArtists.byLatest.chunk.item,{ARTIST},{ARTIST},,
FALSE,,listingPage.listArtists.byLatest.chunk.item.tracks,{ARTIST} (tracks),{ARTIST} (tracks),,
FALSE,,listingPage.listArtists.byLatest.chunk.item.tracksAndArt,"{ARTIST} (tracks, art)","{ARTIST} (tracks, art)",,
FALSE,,listingPage.listArtists.byLatest.chunk.item.art,{ARTIST} (art),{ARTIST} (art),,
FALSE,,listingPage.listGroups.byName.title,Groups - by Name,Groups - by Name,,
FALSE,,listingPage.listGroups.byName.title.short,...by Name,...by Name,,
FALSE,,listingPage.listGroups.byName.item,{GROUP} ({GALLERY}),{GROUP} ({GALLERY}),,
FALSE,,listingPage.listGroups.byName.item.gallery,Gallery,Gallery,,
FALSE,,listingPage.listGroups.byCategory.title,Groups - by Category,Groups - by Category,,
FALSE,,listingPage.listGroups.byCategory.title.short,...by Category,...by Category,,
FALSE,,listingPage.listGroups.byCategory.chunk.title,{CATEGORY},{CATEGORY},,
FALSE,,listingPage.listGroups.byCategory.chunk.item,{GROUP} ({GALLERY}),{GROUP} ({GALLERY}),,
FALSE,,listingPage.listGroups.byCategory.chunk.item.gallery,Gallery,Gallery,,
FALSE,,listingPage.listGroups.byAlbums.title,Groups - by Albums,Groups - by Albums,,
FALSE,,listingPage.listGroups.byAlbums.title.short,...by Albums,...by Albums,,
FALSE,,listingPage.listGroups.byAlbums.item,{GROUP} ({ALBUMS}),{GROUP} ({ALBUMS}),,
FALSE,,listingPage.listGroups.byTracks.title,Groups - by Tracks,Groups - by Tracks,,
FALSE,,listingPage.listGroups.byTracks.title.short,...by Tracks,...by Tracks,,
FALSE,,listingPage.listGroups.byTracks.item,{GROUP} ({TRACKS}),{GROUP} ({TRACKS}),,
FALSE,,listingPage.listGroups.byDuration.title,Groups - by Duration,Groups - by Duration,,
FALSE,,listingPage.listGroups.byDuration.title.short,...by Duration,...by Duration,,
FALSE,,listingPage.listGroups.byDuration.item,{GROUP} ({DURATION}),{GROUP} ({DURATION}),,
FALSE,,listingPage.listGroups.byLatest.title,Groups - by Latest Album,Groups - by Latest Album,,
FALSE,,listingPage.listGroups.byLatest.title.short,...by Latest Album,...by Latest Album,,
FALSE,,listingPage.listGroups.byLatest.item,{GROUP} ({DATE}),{GROUP} ({DATE}),,
FALSE,,listingPage.listTracks.byName.title,Tracks - by Name,Tracks - by Name,,
FALSE,,listingPage.listTracks.byName.title.short,...by Name,...by Name,,
FALSE,,listingPage.listTracks.byName.item,{TRACK},{TRACK},,
FALSE,,listingPage.listTracks.byAlbum.title,Tracks - by Album,Tracks - by Album,,
FALSE,,listingPage.listTracks.byAlbum.title.short,...by Album,...by Album,,
FALSE,,listingPage.listTracks.byAlbum.chunk.title,{ALBUM},{ALBUM},,
FALSE,,listingPage.listTracks.byAlbum.chunk.item,{TRACK},{TRACK},,
FALSE,,listingPage.listTracks.byDate.title,Tracks - by Date,Tracks - by Date,,
FALSE,,listingPage.listTracks.byDate.title.short,...by Date,...by Date,,
FALSE,,listingPage.listTracks.byDate.chunk.title,{ALBUM} ({DATE}),{ALBUM} ({DATE}),,
FALSE,,listingPage.listTracks.byDate.chunk.item,{TRACK},{TRACK},,
FALSE,,listingPage.listTracks.byDate.chunk.item.rerelease,{TRACK} (rerelease),{TRACK} (rerelease),,
FALSE,,listingPage.listTracks.byDuration.title,Tracks - by Duration,Tracks - by Duration,,
FALSE,,listingPage.listTracks.byDuration.title.short,...by Duration,...by Duration,,
FALSE,,listingPage.listTracks.byDuration.item,{TRACK} ({DURATION}),{TRACK} ({DURATION}),,
FALSE,,listingPage.listTracks.byDurationInAlbum.title,Tracks - by Duration (in Album),Tracks - by Duration (in Album),,
FALSE,,listingPage.listTracks.byDurationInAlbum.title.short,...by Duration (in Album),...by Duration (in Album),,
FALSE,,listingPage.listTracks.byDurationInAlbum.chunk.title,{ALBUM},{ALBUM},,
FALSE,,listingPage.listTracks.byDurationInAlbum.chunk.item,{TRACK} ({DURATION}),{TRACK} ({DURATION}),,
FALSE,,listingPage.listTracks.byTimesReferenced.title,Tracks - by Times Referenced,Tracks - by Times Referenced,,
FALSE,,listingPage.listTracks.byTimesReferenced.title.short,...by Times Referenced,...by Times Referenced,,
FALSE,,listingPage.listTracks.byTimesReferenced.item,{TRACK} ({TIMES_REFERENCED}),{TRACK} ({TIMES_REFERENCED}),,
FALSE,,listingPage.listTracks.inFlashes.byAlbum.title,Tracks - in Flashes & Games (by Album),Tracks - in Flashes & Games (by Album),,
FALSE,,listingPage.listTracks.inFlashes.byAlbum.title.short,...in Flashes & Games (by Album),...in Flashes & Games (by Album),,
FALSE,,listingPage.listTracks.inFlashes.byAlbum.chunk.title,{ALBUM},{ALBUM},,
FALSE,,listingPage.listTracks.inFlashes.byAlbum.chunk.item,{TRACK} (in {FLASHES}),{TRACK} (in {FLASHES}),,
FALSE,,listingPage.listTracks.inFlashes.byFlash.title,Tracks - in Flashes & Games (by Flash),Tracks - in Flashes & Games (by Flash),,
FALSE,,listingPage.listTracks.inFlashes.byFlash.title.short,...in Flashes & Games (by Flash),...in Flashes & Games (by Flash),,
FALSE,,listingPage.listTracks.inFlashes.byFlash.chunk.title,{FLASH},{FLASH},,
FALSE,,listingPage.listTracks.inFlashes.byFlash.chunk.item,{TRACK} (from {ALBUM}),{TRACK} (from {ALBUM}),,
FALSE,,listingPage.listTracks.withLyrics.title,Tracks - with Lyrics,Tracks - with Lyrics,,
FALSE,,listingPage.listTracks.withLyrics.title.short,...with Lyrics,...with Lyrics,,
FALSE,,listingPage.listTracks.withLyrics.chunk.title,{ALBUM},{ALBUM},,
FALSE,,listingPage.listTracks.withLyrics.chunk.title.withDate,{ALBUM} ({DATE}),{ALBUM} ({DATE}),,
FALSE,,listingPage.listTracks.withLyrics.chunk.item,{TRACK},{TRACK},,
FALSE,,listingPage.listTracks.withSheetMusicFiles.title,Tracks - with Sheet Music Files,Tracks - with Sheet Music Files,,
FALSE,,listingPage.listTracks.withSheetMusicFiles.title.short,...with Sheet Music Files,...with Sheet Music Files,,
FALSE,,listingPage.listTracks.withSheetMusicFiles.chunk.title,{ALBUM},{ALBUM},,
FALSE,,listingPage.listTracks.withSheetMusicFiles.chunk.title.withDate,{ALBUM} ({DATE}),{ALBUM} ({DATE}),,
FALSE,,listingPage.listTracks.withSheetMusicFiles.chunk.item,{TRACK},{TRACK},,
FALSE,,listingPage.listTracks.withMidiProjectFiles.title,Tracks - with MIDI & Project Files,Tracks - with MIDI & Project Files,,
FALSE,,listingPage.listTracks.withMidiProjectFiles.title.short,...with MIDI & Project Files,...with MIDI & Project Files,,
FALSE,,listingPage.listTracks.withMidiProjectFiles.chunk.title,{ALBUM},{ALBUM},,
FALSE,,listingPage.listTracks.withMidiProjectFiles.chunk.title.withDate,{ALBUM} ({DATE}),{ALBUM} ({DATE}),,
FALSE,,listingPage.listTracks.withMidiProjectFiles.chunk.item,{TRACK},{TRACK},,
FALSE,,listingPage.listTags.byName.title,Tags - by Name,Tags - by Name,,
FALSE,,listingPage.listTags.byName.title.short,...by Name,...by Name,,
FALSE,,listingPage.listTags.byName.item,{TAG} ({TIMES_USED}),{TAG} ({TIMES_USED}),,
FALSE,,listingPage.listTags.byUses.title,Tags - by Uses,Tags - by Uses,,
FALSE,,listingPage.listTags.byUses.title.short,...by Uses,...by Uses,,
FALSE,,listingPage.listTags.byUses.item,{TAG} ({TIMES_USED}),{TAG} ({TIMES_USED}),,
FALSE,,listingPage.other.allSheetMusic.title,All Sheet Music,All Sheet Music,,
FALSE,,listingPage.other.allSheetMusic.title.short,All Sheet Music,All Sheet Music,,
FALSE,,listingPage.other.allSheetMusic.albumFiles,Album sheet music:,Album sheet music:,,
FALSE,,listingPage.other.allSheetMusic.file,{TITLE},{TITLE},,
FALSE,,listingPage.other.allSheetMusic.file.withMultipleFiles,{TITLE} ({FILES}),{TITLE} ({FILES}),,
FALSE,,listingPage.other.allSheetMusic.file.withNoFiles,{TITLE} (no files),{TITLE} (no files),,
FALSE,,listingPage.other.allMidiProjectFiles.title,All MIDI/Project Files,All MIDI/Project Files,,
FALSE,,listingPage.other.allMidiProjectFiles.title.short,All MIDI/Project Files,All MIDI/Project Files,,
FALSE,,listingPage.other.allMidiProjectFiles.albumFiles,Album MIDI/project files:,Album MIDI/project files:,,
FALSE,,listingPage.other.allMidiProjectFiles.file,{TITLE},{TITLE},,
FALSE,,listingPage.other.allMidiProjectFiles.file.withMultipleFiles,{TITLE} ({FILES}),{TITLE} ({FILES}),,
FALSE,,listingPage.other.allMidiProjectFiles.file.withNoFiles,{TITLE} (no files),{TITLE} (no files),,
FALSE,,listingPage.other.allAdditionalFiles.title,All Additional Files,All Additional Files,,
FALSE,,listingPage.other.allAdditionalFiles.title.short,All Additional Files,All Additional Files,,
FALSE,,listingPage.other.allAdditionalFiles.albumFiles,Album additional files:,Album additional files:,,
FALSE,,listingPage.other.allAdditionalFiles.file,{TITLE},{TITLE},,
FALSE,,listingPage.other.allAdditionalFiles.file.withMultipleFiles,{TITLE} ({FILES}),{TITLE} ({FILES}),,
FALSE,,listingPage.other.allAdditionalFiles.file.withNoFiles,{TITLE} (no files available),{TITLE} (no files available),,
FALSE,,listingPage.other.randomPages.title,Random Pages,Random Pages,,
FALSE,,listingPage.other.randomPages.title.short,Random Pages,Random Pages,,
FALSE,,listingPage.other.randomPages.chooseLinkLine,{FROM_PART} {BROWSER_SUPPORT_PART},{FROM_PART} {BROWSER_SUPPORT_PART},,
FALSE,,listingPage.other.randomPages.chooseLinkLine.fromPart.dividedByGroups,Choose a link to go to a random page in that group or album!,Choose a link to go to a random page in that group or album!,,
FALSE,,listingPage.other.randomPages.chooseLinkLine.fromPart.notDividedByGroups,Choose a link to go to a random page in that album!,Choose a link to go to a random page in that album!,,
FALSE,,listingPage.other.randomPages.chooseLinkLine.browserSupportPart,"If your browser doesn't support relatively modern JavaScript or you've disabled it, these links won't work - sorry.","If your browser doesn't support relatively modern JavaScript or you've disabled it, these links won't work - sorry.",,
FALSE,,listingPage.other.randomPages.dataLoadingLine,(Data files are downloading in the background! Please wait for data to load.),(Data files are downloading in the background! Please wait for data to load.),,
FALSE,,listingPage.other.randomPages.dataLoadedLine,(Data files have finished being downloaded. The links should work!),(Data files have finished being downloaded. The links should work!),,
FALSE,,listingPage.other.randomPages.dataErrorLine,"(Data files failed to download. Sorry, some of these links won't work right now!)","(Data files failed to download. Sorry, some of these links won't work right now!)",,
FALSE,,listingPage.other.randomPages.chunk.title.misc,Miscellaneous:,Miscellaneous:,,
FALSE,,listingPage.other.randomPages.chunk.title.fromAlbum,From an album:,From an album:,,
FALSE,,listingPage.other.randomPages.chunk.title.fromGroup,From {GROUP}:,From {GROUP}:,,
FALSE,,listingPage.other.randomPages.chunk.title.fromGroup.accent,"({RANDOM_ALBUM}, {RANDOM_TRACK})","({RANDOM_ALBUM}, {RANDOM_TRACK})",,
FALSE,,listingPage.other.randomPages.chunk.title.fromGroup.accent.randomAlbum,Random Album,Random Album,,
FALSE,,listingPage.other.randomPages.chunk.title.fromGroup.accent.randomTrack,Random Track,Random Track,,
FALSE,,listingPage.other.randomPages.chunk.item.album,{ALBUM},{ALBUM},,
FALSE,,listingPage.other.randomPages.chunk.item.randomArtist,{MAIN_LINK} ({AT_LEAST_TWO_CONTRIBUTIONS}),{MAIN_LINK} ({AT_LEAST_TWO_CONTRIBUTIONS}),,
FALSE,,listingPage.other.randomPages.chunk.item.randomArtist.mainLink,Random Artist,Random Artist,,
FALSE,,listingPage.other.randomPages.chunk.item.randomArtist.atLeastTwoContributions,at least 2 contributions,at least 2 contributions,,
FALSE,,listingPage.other.randomPages.chunk.item.randomAlbumWholeSite,Random Album (whole site),Random Album (whole site),,
FALSE,,listingPage.other.randomPages.chunk.item.randomTrackWholeSite,Random Track (whole site),Random Track (whole site),,
FALSE,,newsIndex.title,News,News,,
FALSE,,newsIndex.entry.viewRest,(View rest of entry!),(View rest of entry!),,
FALSE,,newsEntryPage.title,{ENTRY},{ENTRY},,
FALSE,,newsEntryPage.published,(Published {DATE}.),(Published {DATE}.),,
FALSE,,newsEntryPage.readAnother.previous,(← {ENTRY}),(← {ENTRY}),,
FALSE,,newsEntryPage.readAnother.previous.withDate,(← {DATE} {ENTRY}),(← {DATE} {ENTRY}),,
FALSE,,newsEntryPage.readAnother.next,(→ {ENTRY}),(→ {ENTRY}),,
FALSE,,newsEntryPage.readAnother.next.withDate,(→ {DATE} {ENTRY}),(→ {DATE} {ENTRY}),,
FALSE,,redirectPage.title,Moved to {TITLE},Moved to {TITLE},,
FALSE,,redirectPage.infoLine,This page has been moved to {TARGET}.,This page has been moved to {TARGET}.,,
FALSE,,referencedArtworksPage.subtitle,Referenced Artworks,Referenced Artworks,,
FALSE,,referencedArtworksPage.statsLine,References {ARTWORKS}.,References {ARTWORKS}.,,
FALSE,,referencingArtworksPage.subtitle,Referencing Artworks,Referencing Artworks,,
FALSE,,referencingArtworksPage.statsLine,Referenced by {ARTWORKS}.,Referenced by {ARTWORKS}.,,
FALSE,,tagPage.title,{TAG},{TAG},,
FALSE,,tagPage.nav.tag,Tag: {TAG},Tag: {TAG},,
FALSE,,tagPage.infoLine,Appears in {COVER_ARTS}.,Appears in {COVER_ARTS}.,,
FALSE,,trackPage.title,{TRACK},{TRACK},,
FALSE,,trackPage.nav.random,Random,Random,,
FALSE,,trackPage.nav.backToTrack,Return to track page,Return to track page,,
FALSE,,trackPage.nav.track,{TRACK},{TRACK},,
FALSE,,trackPage.nav.track.withNumber,{NUMBER}. {TRACK},{NUMBER}. {TRACK},,
FALSE,,trackPage.nav.chronology.scope.title,Chronology links {SCOPE},Chronology links {SCOPE},,
FALSE,,trackPage.nav.chronology.scope.wiki,across this wiki,across this wiki,,
FALSE,,trackPage.nav.chronology.scope.album,within this album,within this album,,
FALSE,,trackPage.socialEmbed.heading,{ALBUM},{ALBUM},,
FALSE,,trackPage.socialEmbed.title,{TRACK},{TRACK},,
FALSE,,trackPage.socialEmbed.body.withArtists.withCoverArtists,By {ARTISTS}; art by {COVER_ARTISTS}.,By {ARTISTS}; art by {COVER_ARTISTS}.,,
FALSE,,trackPage.socialEmbed.body.withArtists,By {ARTISTS}.,By {ARTISTS}.,,
FALSE,,trackPage.socialEmbed.body.withCoverArtists,Art by {COVER_ARTISTS}.,Art by {COVER_ARTISTS}.,,